<?xml version="1.0" encoding="UTF-8" standalone="no"?>
<!DOCTYPE hibernate-configuration PUBLIC "-//Hibernate/Hibernate Configuration DTD 3.0//EN" "http://www.hibernate.org/dtd/hibernate-configuration-3.0.dtd">
<hibernate-configuration>
    <session-factory>
        <property name="hibernate.bytecode.use_reflection_optimizer">false</property>
        <property name="hibernate.connection.driver_class">com.mysql.jdbc.Driver</property>
        <property name="hibernate.connection.password">root123</property>
        <property name="hibernate.connection.url">jdbc:mysql://localhost:3306/wallmart</property>
        <property name="hibernate.connection.username">root</property>
        <property name="hibernate.dialect">org.hibernate.dialect.MySQLDialect</property>
        <property name="hibernate.search.autoregister_listeners">true</property>
        <property name="hibernate.validator.apply_to_ddl">false</property>
        <property name="hibernate.hbm2ddl.auto">update</property>
        <mapping class="com.gana.dto.Orders"/>
        <mapping class="com.gana.dto.Customer"/>
        <mapping class="com.gana.dto.Uidia"/>
        <mapping class="com.gana.dto.Address"/>
        <mapping class="com.gana.dto.Product"/>
    </session-factory>
</hibernate-configuration>
